"","ISO3","NAME","Crop_TotalC_sum_MgC","Graze_TotalC_sum_MgC","Crop_FluxDensity_mean_MgC/ha_CORRECT","Graze_FluxDensity_mean_MgC/ha_CORRECT","Crop_FluxDensity_mean_MgC/ha_WRONG","Graze_FluxDensity_mean_MgC/ha_WRONG","CropArea_sum_ha","GrazeArea_sum_ha","Crop_ForestCover_mean_percent_allDelta","Crop_ForestCover_mean_percent_positiveDelta","Graze_ForestCover_mean_percent_allDelta","Graze_ForestCover_mean_percent_positiveDelta","Crop_Delta_mean_percent","Graze_Delta_mean_percent","Crop_ExpertRecs_mean_percent","Graze_ExpertRecs_mean_percent"
"1","ABW","Aruba",0,0,NA,NA,NA,NA,NA,NA,NA,NA,NA,NA,NA,NA,4,5
"2","AFG","Afghanistan",4356284.36887822,82126560.5369766,0.0481057681109847,0.111756909212092,0.0290691862163723,0.069433365363059,3018546.10506572,24495595.2808601,2.43197225898207,0.344052262235989,0.225921701827449,0.226979286100983,5.43004713753619,8.79463682685256,8.59284158905284,8.11715385788425
"3","AGO","Angola",52797070.6580538,195415108.340667,NA,NA,0.436804864325715,0.222664963453556,NA,NA,4.80648101753916,4.13847535672317,6.7702006984298,5.92138904258545,20.5315856854133,16.4513581578625,24.3161285194381,25.708246427438
"4","AIA","Anguilla",1.23403399744177,0,0.0691203684750988,NA,0.0192069939772288,NA,0.595113531494141,NA,4.77777777777778,1.71428571428571,NA,NA,2.28571428571429,NA,4,5
"5","ALA","Åland",95934.0685107251,0,0.540021725594429,NA,0.219540199946235,NA,5921.61783893205,NA,18.6996675168049,18.627667007073,NA,NA,16.9105205300253,NA,35.53846154,35
"6","ALB","Albania",853676.000085755,53954.4418852404,0.125431400391716,NA,0.0674488112493365,0.308297563104919,226863.979678604,NA,4.84684696411401,4.32731909423519,1.10664570402948,1.14439002043837,5.51933787364267,21.8945668406703,12.0613522714155,24.0755285736601
"7","AND","Andorra",993.751497812143,449499.084441474,0.616756320269293,0.870429237161258,0.37062827049805,0.522628675428686,53.7084888122559,17213.6943188869,8.18496420047733,8.18496420047733,6.85042577230206,6.31704963949392,27.3534973395226,28.1495742276979,35.53846154,35
"8","ARE","United Arab Emirates",14951.1350620895,88572.7828418185,0.0473172421269094,NA,0.0321790734088705,0.0366270916530726,10532.5489469492,NA,3.80665503370644,0.0203334061184691,0,0,2.84091650361057,5,5.16079688071161,5.73571633273546
"9","ARG","Argentina",348781547.68606,509777705.112107,0.27081223829438,0.244581406627694,0.170002313344793,0.137050258978984,42930303.5297005,69476214.094516,5.9639573098921,5.93763497652467,4.07024630772756,3.75646196524244,21.259759090556,16.6135713078934,27.2138541475463,22.2662356742334
"10","ARM","Armenia",3663701.42152212,1838424.79498633,0.333994643806674,NA,0.200436847868332,0.175402639877714,365644.728087594,NA,4.26342336565647,4.24547247436406,0.904808804610445,0.878012614756406,26.7843397756141,24.2764509153186,31.7440393021989,27.7710514628634
"11","ASM","American Samoa",0,0,NA,NA,NA,NA,NA,NA,NA,NA,NA,NA,NA,NA,21,31.25
"12","ATF","French Southern Territories",0,0,NA,NA,NA,NA,NA,NA,NA,NA,NA,NA,NA,NA,23.3136807095297,17.2410652367086
"13","ATG","Antigua and Barbuda",0,0,NA,NA,NA,NA,NA,NA,NA,NA,NA,NA,NA,NA,11.9261114625562,10.1353677054935
"14","AUS","Australia",180148954.643009,1020749037.84874,0.135665393137626,0.13354061455599,0.0873305814056681,0.0919771157455965,44263057.9242505,254791158.790314,3.80296985730887,3.44500106585302,2.01619075221502,1.90900384551858,15.4813319423846,14.2908879295729,14.7391030859061,16.6478323844069
"15","AUT","Austria",19588228.2989509,6521249.79930377,0.530415803961609,0.572634424520752,0.288173265140007,0.301902494868278,1230998.28176617,379605.179154311,7.59017025989499,7.46855986273654,3.85216712890228,3.28631997498199,27.6061853517178,21.4308017015216,26.4250469453386,29.3611023833109
"16","AZE","Azerbaijan",5515451.32302463,5358626.1837957,0.141580735349871,0.215055225497919,0.0815739834062018,0.129701547746735,1298540.91363371,830581.411726349,3.84961811486534,2.68572932430937,1.27723767723701,1.17591639443,11.2899577191416,16.4342165248421,16.3804108339086,16.3278682356251
"17","BDI","Burundi",6338067.58601841,3041432.57971491,0.531381389898407,0.620099076965362,0.419254622825139,0.494453643603759,397584.340645311,163491.75439292,10.5173700545527,10.2376718458411,8.02505808922267,7.68705599687661,11.5286286047145,21.0979170476027,22.8877567299077,29.3125654620694
"18","BEL","Belgium",24397859.3690469,258422.332434831,0.901115824107721,0.999032277017588,0.465583614193212,0.516593312766169,902505.490649349,8622.4218636292,8.26099276229763,8.25997102510973,2.29624751263142,2.35574403794297,27.2778375235634,32.7037524873686,35.53846154,35
"19","BEN","Benin",38263407.3679236,191413.147771114,0.773658045183703,NA,0.572486217509746,0.342910373905901,1648592.57937565,NA,3.71721032014475,3.63280366346981,3.27361821682537,3.27965630794661,21.4989091981451,23.6430484531437,25.1695765686861,26.9706977337692
"20","BES","Bonaire, Sint Eustatius and Saba",0,0,NA,NA,NA,NA,NA,NA,NA,NA,NA,NA,NA,NA,8.21277525598277,7.03247928979724
"21","BFA","Burkina Faso",66409833.5660976,19341272.4751101,0.52274493548439,0.446024505832457,0.384610267688677,0.328096146331783,4234686.87806354,1445456.63763562,1.62431735912998,1.44910598153396,3.48146732264554,3.52923243604942,23.5979048609402,23.4351993472302,25.22222222,26.91666667
"22","BGD","Bangladesh",54110768.9820493,0,0.323972743799222,NA,0.234624419815947,NA,5567419.89542014,NA,13.5350203525287,12.4453068078472,NA,NA,7.71741584235322,NA,21.0046458222654,31.2452319192552
"23","BGR","Bulgaria",49276425.8961233,1115152.3715407,0.444151947197038,NA,0.264271012777342,0.338815942248598,3698165.77465571,NA,6.14689328534543,6.14434119813753,4.08597067532148,2.97290396557765,29.3020046303343,30.9140293246785,35.4500393409662,34.9088456228044
"24","BHR","Bahrain",245.376591158214,0,0.0350559017462655,NA,0.0237102235664861,NA,233.319335627848,NA,NA,0,NA,NA,NA,NA,4,5
"25","BHS","Bahamas",501.527106335366,0,0.19458481455356,NA,0.0797582065336029,NA,85.9140537227137,NA,18.2148852825965,13.5184606368431,NA,NA,5.79844435580372,NA,19.6,28.3
"26","BIH","Bosnia and Herzegovina",3422241.62508777,242598.870754612,0.500559111779832,0.547303364688243,0.28891621983819,0.307421943722102,227894.604556583,14775.4052814202,9.37608711846964,9.33181130147313,3.31452876679448,2.26330961937018,25.1361109060957,23.5456098052358,33.1658274461634,33.8959554999561
"27","BLR","Belarus",103331379.629732,9651.38190341133,0.608398389949101,0.698321457674934,0.296231252929059,0.335677252693138,5661387.96205434,460.694321473173,6.68193577192759,6.68179572445182,1.66839797021285,0.900532859680284,28.8565257679846,33.3316020297872,35.53846154,35
"28","BLZ","Belize",201458.250469565,0,0.321324477907909,NA,0.167283990066073,NA,20898.7346976309,NA,17.4882405053448,15.4271698269975,NA,NA,5.68264976735716,NA,21.6063726911993,30.627670132962
"29","BMU","Bermuda",0,0,NA,NA,NA,NA,NA,NA,NA,NA,NA,NA,NA,NA,19.6,28.3
"30","BOL","Bolivia",67147131.5061032,395606887.63754,0.963160169137008,1.09778377923688,0.717049119753629,0.814321293067211,2323847.87970994,12012289.2176012,11.0253649318661,10.7545337222538,8.17675715971151,7.44033369531145,24.6768689604375,17.5738648569378,28.1727616650498,26.0576432573576
"31","BRA","Brazil",953087213.51377,1479468704.37432,0.61349794741841,1.18537840706936,0.443411558721571,0.884880631557926,51784319.6011954,41603274.6885175,10.5541994791002,10.4150154112512,5.45410676599222,5.2720445629862,13.5382914681883,22.546729471077,24.7481367448596,29.1070591176771
"32","BRB","Barbados",0,0,NA,NA,NA,NA,NA,NA,NA,NA,NA,NA,NA,NA,4,5
"33","BRN","Brunei",1505.2722622125,0,0.257744218476939,NA,0.170191446599545,NA,194.672619119251,NA,17.4918209866391,16.256515869427,NA,NA,4.74348413057298,NA,21,31.25
"34","BTN","Bhutan",171563.414336905,1484124.31656903,0.533120448166369,NA,0.378783807098823,0.190279367090172,10726.9951801065,NA,12.9946367795535,12.5901969160695,3.83222379455477,3.43381993392636,19.4465243204741,16.2313294059404,28.1986754246165,29.2200043602671
"35","BWA","Botswana",1874671.12071965,63214865.1090173,0.220102912458278,0.106817748008663,0.15347773005012,0.0735421613143553,283908.271178225,19726704.6870309,1.92425723712947,1.23668389224056,1.41818232860678,1.34168199189389,22.6481039530913,12.083532930646,12.025983676886,13.2886140350263
"36","CAF","Central African Republic",2623260.01694877,5449822.48678344,0.429207830438251,0.336837891147516,0.316839646618568,0.249525840361233,203728.810063122,539312.097402638,8.69763739403391,8.30973092237677,6.79630654445957,5.93969727430758,16.7275505776116,20.1206544436936,24.7818356566359,27.3686423539294
"37","CAN","Canada",379949666.17156,49118720.193929,NA,NA,0.202642824160927,0.140885484845562,NA,NA,4.08501670814227,3.98068323912494,1.18695935632707,1.0656217617616,25.0584820265085,19.0530986049323,26.9433082379079,27.2183448501372
"38","CCK","Cocos Islands",0,0,NA,NA,NA,NA,NA,NA,NA,NA,NA,NA,NA,NA,21,31.25
"39","CHE","Switzerland",4943205.68453875,4427367.48864616,0.609446881203029,0.551391136849038,0.338122710939745,0.293595775818792,270365.683868463,267648.328791709,10.0061833719281,9.96411000231775,3.15886169136659,2.75453823430361,25.1120341382514,22.2153035802186,26.54556462442,29.4356723314263
"40","CHL","Chile",3072431.08191403,78871234.1890703,NA,NA,0.159836425938716,0.298526126995758,NA,NA,15.2845184642363,13.0054937916178,4.96614085000237,4.56743842853309,10.7396842872185,19.063273345945,25.2643398814461,26.1995127232057
"41","CHN","China",1526134956.36726,1998704039.12716,0.458366943659912,0.342603220641649,0.287562211627336,0.212552334523176,110983494.590714,194462468.409166,7.05636046833692,6.51377962291494,1.73850351263179,1.36417591801961,24.5265778085364,18.4812022551756,23.516084715288,22.7828236142521
"42","CIV","Côte d'Ivoire",28926829.0435292,85667068.7739538,0.814932823220056,0.479261020009271,0.61308297675454,0.357047091030601,1183198.9181321,5958275.01071662,6.08211166547474,5.95313618959606,10.0328518983289,9.8229000012092,18.3788782207074,16.9696153276983,23.2694857646865,28.9207909266383
"43","CMR","Cameroon",36966571.7143289,3476960.44189883,0.600782175859161,0.38366222330871,0.446096848717225,0.283813822377235,2051024.6586163,302085.205046031,4.0743752901222,3.76556103569077,4.1757213397474,4.694955538889,21.0104070117703,22.3346480868481,22.9918670866305,29.2057153592573
"44","COD","Democratic Republic of the Congo",49808335.386947,12576375.5785737,NA,NA,0.514142971581566,0.314545359569048,NA,NA,11.5978473511019,10.4951066147307,10.0991822062664,9.58376065126647,13.9937771176824,17.423108103519,23.1274726704749,29.0662258243343
"45","COG","Republic of Congo",3625444.90673079,6986987.7703248,0.967154384821342,0.70199764889104,0.724734261869329,0.536691105371689,124952.298675683,331766.912199886,7.81130256446014,7.69776425083088,6.50614652912602,6.05820372979522,17.4673704114117,21.0756372475094,22.3707914027103,29.8431351398528
"46","COK","Cook Islands",0,0,NA,NA,NA,NA,NA,NA,NA,NA,NA,NA,NA,NA,21,31.25
"47","COL","Colombia",20868076.8284084,502819923.802707,0.957482889691197,1.3620349865238,0.729114794325324,1.05890255485717,726490.852668176,12305604.6963475,15.1744756088778,14.838481190154,11.694863548366,11.2339520117595,18.3406634322717,14.9360941457527,22.7057301213668,29.3088429099693
"48","COM","Comoros",0,0,NA,NA,NA,NA,NA,NA,NA,NA,NA,NA,NA,NA,21,31.25
"49","CPV","Cape Verde",0,0,NA,NA,NA,NA,NA,NA,NA,NA,NA,NA,NA,NA,42,23.33333333
"50","CRI","Costa Rica",1806754.84056742,2708334.70116134,0.751117574815711,1.06565896768316,0.558366892561866,0.851886507220159,80180.7378385785,84715.4916439329,18.568334438584,17.7964004545214,11.9751508413007,10.001471495746,18.0904886020869,16.8640113959858,23.5863685187007,30.2749801214802
"51","CUB","Cuba",30086280.3167258,6351282.70197977,0.901828237590163,1.01417732861555,0.65070576352224,0.750449540676838,1112047.69240469,208749.907364158,16.9072657258249,16.8170326021971,10.8339898646263,10.4606786995674,22.9166583946508,13.5780324380113,34.6797169516624,24.8375319192219
"52","CUW","Curaçao",0,0,NA,NA,NA,NA,NA,NA,NA,NA,NA,NA,NA,NA,4,5
"53","CXR","Christmas Island",0,0,NA,NA,NA,NA,NA,NA,NA,NA,NA,NA,NA,NA,21,31.25
"54","CYM","Cayman Islands",210.030582517397,0,0.897201887642624,NA,0.66046106839933,NA,7.80317062823127,NA,15.7972694487378,15.8817204301075,NA,NA,26.1979166666667,NA,42,23.33333333
"55","CYP","Cyprus",685054.272977761,0,0.0891854370485606,NA,0.0547837374981253,NA,256041.156362317,NA,2.01875029922292,0.693349200882496,NA,NA,7.89963717911446,NA,9.75,23
"56","CZE","Czech Republic",45531375.516987,0,0.572225110937233,NA,0.302187607505784,NA,2652299.74746665,NA,7.30653439108311,7.30549568745584,NA,NA,28.2177765014249,NA,35.2449700653988,34.8184030408712
"57","DEU","Germany",272914764.733386,1466842.20311658,0.75379188928408,0.988948733207111,0.383341316841223,0.50406663418792,12068528.4012359,49441.127191015,8.96648915403821,8.95974802068074,2.55389567421862,2.28874335119523,26.577801136874,31.1313939570049,35.3954871538233,34.9115350324156
"58","DJI","Djibouti",0,874510.489354761,NA,0.0752856494641009,NA,0.0552348696141939,NA,387196.628476436,NA,NA,0.410793736105908,0.415962011364285,NA,4.58852703469338,4,5
"59","DMA","Dominica",0,0,NA,NA,NA,NA,NA,NA,NA,NA,NA,NA,NA,NA,17.651637475846,26.0797343377034
"60","DNK","Denmark",57932362.8490217,0,0.938026500987205,NA,0.429685473491668,NA,2058661.19944558,NA,11.0777978081407,11.1234275550485,NA,NA,24.4120544812612,NA,35.53846154,35
"61","DOM","Dominican Republic",567814.088614845,3547289.59213892,NA,1.07967485493368,0.242092021181472,0.830431882299557,NA,109517.217951597,14.0396461156968,13.0319479732695,9.32526781024204,5.35735918721188,7.95613241328959,19.3655134676299,25.0470127001187,29.1029954197384
"62","DZA","Algeria",13924791.1574487,40087729.74719,NA,0.0617391440468972,0.0506383574968218,0.0391145988465617,NA,21643605.1854662,3.03170853313306,0.664848803989236,0.0596666870699379,0.0455355019393031,8.08565414267777,11.4298006914529,5.14506228499079,7.84753765419308
"63","ECU","Ecuador",4170831.24916516,12765307.1395852,NA,NA,0.609549748160424,0.649981032327794,NA,NA,11.1782260128638,10.3633550972181,12.6002977964138,12.2601597827559,17.8948537807874,11.8907476818411,22.9330884005875,28.9306223807369
"64","EGY","Egypt",712899.386406275,319011.618575565,0.0276745337337174,NA,0.0151215844546041,0.0213749068361672,858670.758787059,NA,12.1136359326249,0.683001223840584,0.00751658198039952,0.00729082187163657,3.22934196732535,4.99447665331571,4.02400052118952,5.07513206633241
"65","ERI","Eritrea",3670283.6022277,60085093.1767624,0.419337778385785,0.304745582663373,0.30444169587691,0.220622532995144,291752.360619342,6572159.05058018,2.44693439127435,1.77322964749708,0.491760814131229,0.479394387982207,24.6927562938683,21.3135665071162,17.3692317136266,17.0202726867659
"66","ESH","Western Sahara",1346.95687035067,348155.724216051,NA,NA,0.133579562996446,0.023591192370134,NA,NA,NA,0,2.41970337406748e-05,2.38278926498344e-05,NA,4.99997580296626,4.04613547512257,5.14442409603585
"67","ESP","Spain",41909949.6829196,2839648.37404377,0.123799383804527,0.714204942814531,0.0712867049090735,0.422592035589842,11284372.1820924,132531.910838426,2.67733322553258,1.11591337187106,7.44220330109136,6.41912155113121,9.12174973553842,23.9938589375231,13.7239072637014,24.8491559525673
"68","EST","Estonia",14975850.9343192,0,0.771291584520655,NA,0.327983879393439,NA,647219.600424157,NA,12.3966289707197,12.3868034389613,NA,NA,23.1513170966035,NA,35.53846154,35
"69","ETH","Ethiopia",232137670.693427,121052012.352855,0.524256371598744,0.373504522080174,0.386114723441691,0.278709115185191,14759806.0331636,10803261.6471571,8.21635067122781,7.91003887002626,2.14930157010904,1.93543250072235,18.2556181025264,19.9063526208481,22.3993290109124,22.7431616335205
"70","FIN","Finland",1593038.72731841,0,0.679004996260035,NA,0.273739535527673,NA,78204.5658030443,NA,16.0164245006427,15.8469720289355,NA,NA,19.6897965749929,NA,35.53846154,35
"71","FJI","Fiji",0,0,NA,NA,NA,NA,NA,NA,NA,NA,NA,NA,NA,NA,29.0471860014551,28.2163386091529
"72","FLK","Falkland Islands",0,0,NA,NA,NA,NA,NA,NA,NA,NA,NA,NA,NA,NA,27.66666667,20
"73","FRA","France",387193549.117555,5096942.15654551,0.750196531175442,0.678076365383649,0.412860880052397,0.37978385736474,17204093.9952487,250558.905395152,6.95349439175988,6.90680579917298,5.03289082821131,4.00173519615367,28.0038277762939,24.8257742923433,32.0509928215309,33.2985729362722
"74","FRO","Faroe Islands",0,0,NA,NA,NA,NA,NA,NA,NA,NA,NA,NA,NA,NA,27.66666667,20
"75","FSM","Micronesia",0,0,NA,NA,NA,NA,NA,NA,NA,NA,NA,NA,NA,NA,24.1945167896351,30.0457178764194
"76","GAB","Gabon",18572.7799187831,6541889.61172567,0.820617156418912,0.94886005789378,0.618150297192775,0.725999404315463,754.423252203369,229815.751272706,10.6650526064084,10.3394663739699,4.14717745993694,3.66821284358048,14.5258974901789,23.6355087287111,21.7577620938009,30.4722967987625
"77","GBR","United Kingdom",147657088.486699,79972733.1195536,0.875049725488131,NA,0.427266502903403,0.725465557881418,5624712.2948482,NA,11.8011557769099,11.7488050781413,7.95179982115451,8.11544052132678,23.5124468717528,26.5456883477087,33.9879442281531,34.0406221198109
"78","GEO","Georgia",2427190.37996941,14054061.9024715,0.355283509508049,0.609740517618817,0.212707064045624,0.364791663271899,227723.33596628,768308.348462501,7.36417653302913,7.47649941086823,3.72194199961621,3.28192142013629,23.2696073054624,27.9259909339173,31.7826115968019,30.8516912566322
"79","GGY","Guernsey",4684.1449511114,0,0.841542976114288,NA,0.446766609225991,NA,185.537957619222,NA,15.5150640313865,15.5327306733167,NA,NA,20.005730866685,NA,35.53846154,35
"80","GHA","Ghana",71888532.5539008,87481412.4404476,0.864527498202905,0.550175547161807,0.644067620701182,0.408740457730034,2771785.07733359,5300212.08029196,4.0018591862964,3.94753701338105,7.02241763221868,7.10555396148895,21.0261797125246,19.9299604760132,23.8173527869926,28.3585063513215
"81","GIB","Gibraltar",4.47942965607887,0,0.18713566684608,NA,0.114086647006598,NA,0.797893444824219,NA,3.22222222222222,2.63636363636364,NA,NA,6.52777777777778,NA,9.75,23
"82","GIN","Guinea",5997404.94757713,26225001.8798326,0.623624948742558,0.426706309090368,0.46379906394185,0.321371928839371,320566.870609755,2048637.92895694,6.22450458289649,6.11151200175183,10.4891862094458,9.84396256447096,18.600955969727,17.1078528351874,24.3934036857307,27.7672962186297
"83","GLP","Guadeloupe",0,0,NA,NA,NA,NA,NA,NA,NA,NA,NA,NA,NA,NA,12.2965397897759,17.8108334989187
"84","GMB","Gambia",4755797.03714748,3742042.56825895,0.582382226157261,0.412938555372664,0.425833629557223,0.301951337099379,272203.650428901,302066.132242675,1.77602972028797,1.65424323368941,1.21927688318789,1.07708752306654,23.4947194501824,25.8459042082124,25.22222222,26.91666667
"85","GNB","Guinea-Bissau",696546.581610762,6374592.74023474,0.638928125542028,0.361171851246006,0.469221108175572,0.265231401768308,36339.3290400677,588324.986959629,6.83197540910247,7.23513376671387,11.0548014364026,10.8849378780212,17.9851564525013,15.8133361227071,25.22222222,26.91666667
"86","GNQ","Equatorial Guinea",16.238033214426,84.9611926010764,0.550700185002337,1.3777484973872,0.453722095489502,1.13538186436114,0.982871966552734,2.05555640869141,10,10,NA,NA,11,NA,21,31.25
"87","GRC","Greece",7550209.70217883,1356335.61654642,0.136133316767613,0.418724596304464,0.077119554733357,0.246923814506107,1848729.3391148,107973.56452722,4.8384155873601,4.02737807140428,4.08147438725951,3.45161876604726,9.06294650834895,19.0425250663908,12.3469694082136,24.2084331921172
"88","GRD","Grenada",0,0,NA,NA,NA,NA,NA,NA,NA,NA,NA,NA,NA,NA,24.7882816211269,27.6694160171652
"89","GTM","Guatemala",2303109.47997049,705261.387557073,0.627370134930371,1.18934099940707,0.458237985068799,0.93385937043308,122368.457987782,19766.167087731,20.2780996867742,20.477323480886,14.0156194677556,11.5397004565032,17.5250448568423,16.3201833876541,21.7115393350774,29.3349275006679
"90","GUF","French Guiana",3.15292961168289,0,0.236226913520598,NA,0.0796896424919357,NA,0.44490126953125,NA,19.1806010427857,16.4,NA,NA,4.6,NA,21,31.25
"91","GUM","Guam",0,0,NA,NA,NA,NA,NA,NA,NA,NA,NA,NA,NA,NA,42,23.33333333
"92","GUY","Guyana",1373986.16592151,23370295.3170694,0.400720051610303,1.42163279942473,0.304402633844121,1.07387071486291,114293.104824687,547968.395367316,13.1896269243333,12.2681202894778,5.99999451037106,5.78974927028938,8.60759989336969,21.1675963730858,21.2711545794208,30.9717097738569
"93","HKG","Hong Kong",395.622190176773,0,0.296101522096642,NA,0.186852102754078,NA,44.5367732183479,NA,15.0574619730111,13.5621274329801,NA,NA,7.42970747322573,NA,21,31.25
"94","HND","Honduras",1706392.0760311,81433.4307654075,NA,NA,0.579775738611514,0.57905285208773,NA,NA,16.8234037150485,16.5122505181362,12.6240590236028,10.3291601053708,22.1345142943069,12.2896588299945,24.341759013893,28.4136455052155
"95","HRV","Croatia",14246711.102237,3455004.37673701,0.522237813671914,0.57024830317428,0.297581913760526,0.320680766181824,909337.389293126,201959.062248543,7.47154673975045,7.42023442556604,2.66385280279923,2.1762694702034,27.3928390982182,24.8366171514464,29.5097058840625,32.1946729834883
"96","HTI","Haiti",45206.3461386409,62709.6719587786,NA,1.32162122458586,0.499636593863795,1.01050173535957,NA,1581.6350098955,8.76541854251309,8.01762031784198,2.02686723741236,2.08314115956825,14.8674160763782,28.1165527340736,25.4879544732207,29.1257167062873
"97","HUN","Hungary",66838027.7460897,19427.2041493349,0.487291150612912,0.562669714530708,0.270736724968584,0.311000548501659,4572080.27562312,1150.89448555908,5.87196851251812,5.87185376982758,0.438004582151429,0.190921853065044,29.6664930273858,34.5619954178486,35.53846154,35
"98","IDN","Indonesia",92685446.13006,3844213.12737115,0.456979057496391,NA,0.333950020930556,0.671832185260218,6760736.23138933,NA,14.6755095406429,13.6495939854803,9.53348027854541,9.10167356198214,9.23221902860701,14.6998031097998,21.8255221511142,30.8745732760306
"99","IMN","Isle of Man",156201.691041455,0,0.809423655226535,NA,0.386459887584399,NA,6432.63018209906,NA,18.5677252962599,18.6012206165317,NA,NA,16.935107810698,NA,35.53846154,35
"100","IND","India",1599385005.99487,11267975.1751102,0.477930763712899,NA,0.347216329591513,0.304277670454719,111549281.990118,NA,5.97181680647605,5.30818190955904,4.33595810762749,3.74977905599372,21.8905351103493,20.7175766637217,24.0671792373155,22.1366923675772
"101","IOT","British Indian Ocean Territory",0,0,NA,NA,NA,NA,NA,NA,NA,NA,NA,NA,NA,NA,21,31.25
"102","IRL","Ireland",11174656.7167867,18758690.1387979,0.90742428518755,1.76497882957709,0.446083527038519,0.873027792703491,410489.958563579,354276.017827982,15.8952450518116,15.8946420557243,4.23589281040814,3.15710833939134,19.6382046682757,30.7674103139656,35.53846154,35
"103","IRN","Iran",92101315.0738743,201243031.292722,0.220808209433432,0.160668952165676,0.14547606036379,0.107017366028993,13903667.0949562,41751072.3302258,3.38097369927744,0.766003356422712,0.0992314220928723,0.0892090981865669,22.5663764608647,19.2826544356272,15.7536126272676,15.3934998502996
"104","IRQ","Iraq",25789854.2163342,2099158.65800463,0.149618445124247,NA,0.0939040654586144,0.0388612906235418,5745694.03189061,NA,1.22711848526093,0.0704721719364346,0.00577336634040915,0.00210347535712097,12.0549361665625,10.00038791825,8.63416670374725,8.74068810580572
"105","ISR","Israel",1135795.13061263,43929.1175888494,0.0911633439418489,NA,0.0581332683229009,0.0214494211422611,415296.719602975,NA,1.82972897031568,1.12575446764865,0,0,7.80350519623102,5,6.29545535531869,12.103122427002
"106","ITA","Italy",61507941.7855691,1890394.81068679,0.289617383023536,0.496070372690147,0.16339680363357,0.27175481751039,7079218.46672795,127024.639698822,5.99853783404132,5.55452622440269,3.43381670193162,2.65590260239858,15.1747415226731,21.8541654777443,16.8496914823578,25.8552552539007
"107","JAM","Jamaica",427241.043506205,0,0.727169382182284,NA,0.514046590797103,NA,19584.6641316693,NA,14.8961917730332,13.3321774643289,NA,NA,19.4328840171597,NA,25.4581269732143,29.5693568942821
"108","JEY","Jersey",90723.242195565,0,0.887130268631747,NA,0.473116784132663,NA,3408.86584542955,NA,13.3838206041872,13.335858758999,NA,NA,22.2023460967275,NA,35.53846154,35
"109","JOR","Jordan",701158.83813609,124223.170462197,0.0907189043208226,NA,0.0580514687723966,0.0209303857707879,257630.550613236,NA,1.32757334040106,0.106259108635178,0.00374022306660606,0.00213106394223065,11.6865640186727,5.81352331952705,9.01552959128583,9.28302198188663
"110","JPN","Japan",42816606.3224912,0,0.494646534564178,NA,0.314651479681366,NA,2885333.48769379,NA,12.6660143723362,12.55278579479,NA,NA,20.7540822102156,NA,32.7529327044091,33.3216098518596
"111","KAZ","Kazakhstan",264402340.438067,565885849.634467,0.40611320907152,0.111791583733554,0.190717392824555,0.0563667387698722,21701858.3761048,168732394.913022,1.71373152277816,1.60942306875506,0.663434896850424,0.651979610985437,25.1824019717392,8.15096280903883,14.5137872383875,11.7204267202814
"112","KEN","Kenya",88954098.866608,327553950.037718,0.537775188830334,0.554535913693345,0.408896669992804,0.416968546449309,5513710.35792137,19689374.0002115,8.66315173039528,8.28650760054791,1.91176996915203,1.88515053683345,15.2545446259843,25.0485604827466,24.6884420604451,27.449646203524
"113","KGZ","Kyrgyzstan",10138791.5535948,61686281.3550479,0.243212899913314,0.271944034635427,0.137007388901601,0.153708974992015,1389563.29443717,7561149.04766411,2.8510246216298,2.68228082108514,1.74703505510352,1.71018887814491,20.5706773229584,18.4824289121195,26.7750001088792,19.971757046971
"114","KHM","Cambodia",190522985.743592,375045.548811891,1.19601475127389,0.836987504354883,0.914345275420606,0.632852538453008,5309939.68484819,14936.3260845398,7.72129584405858,7.15471862110119,14.0272071949224,14.4587929497623,26.5460017177729,9.53030528111692,34.7538205479212,26.0650279656301
"115","KIR","Kiribati",0,0,NA,NA,NA,NA,NA,NA,NA,NA,NA,NA,NA,NA,21,31.25
"116","KNA","Saint Kitts and Nevis",0,0,NA,NA,NA,NA,NA,NA,NA,NA,NA,NA,NA,NA,18.0503997161106,26.6954701498767
"117","KOR","South Korea",20323782.2059724,0,0.612749289883367,NA,0.40284822873969,NA,1105606.18845384,NA,9.33921289327823,9.33715277168046,NA,NA,26.1986643268749,NA,35.53846154,35
"118","KWT","Kuwait",7465.3094996602,57335.9557622039,0.0251716175618639,0.0330588642274959,0.0165044211604935,0.0217632854634338,9885.88235845765,57811.9838677702,1.00350553505535,0.085817068745168,0,0,2.99649446494465,5,4,5
"119","LAO","Laos",46273435.1894447,65532.7620556996,1.23369750009489,NA,0.92325145546088,0.998087093070975,1250264.21754888,NA,6.94865735894785,6.21513689141093,10.4422197680377,10.7251092763477,27.1985081939532,20.8077802319623,24.7457232755719,29.837921780398
"120","LBN","Lebanon",354461.631137218,0,0.114116603008308,NA,0.0709089955114412,NA,103537.849822902,NA,2.8605980116468,1.94108348457139,NA,NA,7.01336537062508,NA,9.75,23
"121","LBR","Liberia",13022.3809434497,0,NA,NA,0.617048148543807,NA,NA,NA,9.12681816257793,7.95042373076047,NA,NA,13.0495762692395,NA,21.0064797982908,31.2433496807058
"122","LBY","Libya",1770699.40959295,11456603.6994731,0.0645871340854146,0.0343329237284729,0.0412276387948297,0.0222901066520676,913855.591967307,11123048.9137088,1.27898414794584,0.028445090938654,0.0440726860202815,0.034871723322333,8.47077905817896,6.09862235118835,4.23813862513493,5.74547743520499
"123","LCA","Saint Lucia",0,0,NA,NA,NA,NA,NA,NA,NA,NA,NA,NA,NA,NA,29.4004677976443,27.1366092675012
"124","LIE","Liechtenstein",6754.92528381849,0,0.414562079201595,NA,0.228965452236317,NA,543.137415175375,NA,17.7595315666915,17.6923764660143,NA,NA,17.1161432964222,NA,24.3153767241639,28.0557503380754
"125","LKA","Sri Lanka",3102213.20337142,6635.02464760086,1.15356049127821,NA,0.885631836465882,0.130208933550162,89641.6855127092,NA,9.92363378171203,10.9005075986902,7.32337983144435,4.832,28.078017472313,0.541412380122058,35.696831430726,24.5744851002298
"126","LSO","Lesotho",2474708.57362882,18930598.3666266,0.335387368720761,0.407209253339592,0.22030993535574,0.266806421050947,245955.254970582,1549620.84083089,2.32538171673018,2.22051551705541,4.27844706730645,4.42770688842006,24.6325350358324,20.678658914794,25.9823279132899,24.7659130653023
"127","LTU","Lithuania",43142953.9056719,0,0.733878461568462,NA,0.340050355532433,NA,1959586.68748618,NA,8.46596223240239,8.46576774015243,NA,NA,27.0725301633789,NA,35.53846154,35
"128","LUX","Luxembourg",1108845.68423292,0,0.717448322041821,NA,0.378244697894681,NA,51518.0280895678,NA,9.82027504531426,9.82005151698293,NA,NA,25.7181864946299,NA,35.53846154,35
"129","LVA","Latvia",22472766.1990259,0,0.748575114173467,NA,0.335568334207191,NA,1000690.76897019,NA,11.1616993067238,11.1612643246025,NA,NA,24.3769583707901,NA,35.53846154,35
"130","MAC","Macao",8.11720407984853,0,0.296643385954813,NA,0.226810402219946,NA,0.912116979980469,NA,12.2553191489362,NA,NA,NA,NA,NA,21,31.25
"131","MAF","Saint-Martin",0.295582665670395,0,0.057899817796667,NA,0.0138016970952352,NA,0.170169024658203,NA,6.28571428571429,2.5,NA,NA,1.5,NA,4,5
"132","MAR","Morocco",16992809.0581389,49595354.8979378,0.0898361298468448,0.139951686920128,0.05663932081782,0.0892923690081369,6305113.20523593,11812494.2469712,1.66444614259579,0.747767738920092,0.090906739246356,0.0792271595250862,8.4593884124359,20.4454309758703,9.06082691057399,19.1522264954285
"133","MCO","Monaco",0.210520218635917,0,0.107991637294609,NA,0.00453685856782473,NA,0.0649804077148437,NA,NA,NA,NA,NA,NA,NA,NA,NA
"134","MDA","Moldova",23459600.8142589,0,0.419347551248189,NA,0.228629360663778,NA,1864769.90620559,NA,6.20870508316422,6.20776738935531,NA,NA,27.1669515469225,NA,33.7881898159145,31.6647916647412
"135","MDG","Madagascar",37159615.5587741,306101712.934749,0.71603547870867,0.65489325686794,0.540632864362943,0.496561116974276,1729877.76275134,15580234.3727839,5.92840504818109,5.59879647090864,3.52666985815044,3.17831668981392,19.9923429885656,18.4341656581082,22.703100977281,23.5839967701948
"136","MDV","Maldives",0,0,NA,NA,NA,NA,NA,NA,NA,NA,NA,NA,NA,NA,21,31.25
"137","MEX","Mexico",87677924.2561162,113438782.284517,0.318217393482432,0.0978472443187035,0.223746305543164,0.0672612455955296,9184279.47391638,38644856.7779893,5.99564460946404,5.09189294808008,2.26759123226446,1.72473781097989,18.87009201446,7.94883800312269,17.4036088859913,17.8688435025061
"138","MHL","Marshall Islands",0,0,NA,NA,NA,NA,NA,NA,NA,NA,NA,NA,NA,NA,21,31.25
"139","MKD","Macedonia",3694953.83376004,411731.115585553,0.421157036394377,0.445456038798923,0.255679161844295,0.26812606642054,292444.6635071,30809.7080837051,3.8967657371322,3.81725544360581,2.61904998001761,1.75060513317333,28.424228568336,30.0346987466684,29.875937294176,32.3650893890916
"140","MLI","Mali",89447947.0173868,199501890.623573,NA,0.332725467657299,0.366861278665712,0.241171118732792,NA,19986636.633524,1.75818655855175,1.3892427013345,0.787327379013937,0.728732955869691,23.4492068679727,25.4139446979404,17.5505687217138,18.9939773878822
"141","MLT","Malta",9494.42457659139,0,0.151693342362575,NA,0.092780389590338,NA,2086.31977047,NA,1.41090384417191,0.773100794008529,NA,NA,8.34602065231079,NA,9.75,23
"142","MMR","Myanmar",204874908.956053,0,0.680550300156962,NA,0.507772693883831,NA,10034766.9089167,NA,6.16563737073082,5.5169919755235,NA,NA,18.9140258185551,NA,22.4275541950991,30.7517182047048
"143","MNE","Montenegro",58927.4619016372,68343.912757959,0.166154017438397,NA,0.0899542725210538,0.409213546232312,11821.8551699048,NA,5.32232877871178,4.83265289517037,7.20134477288888,4.53271320065378,6.67251823027297,27.7986552271111,27.7070396383936,31.3558484218228
"144","MNG","Mongolia",6775129.21833992,647814653.335922,0.410911082514859,0.257617603745626,0.204394736443899,0.131908676809357,549602.21376644,83821219.7609991,2.58786533629518,2.54675998461943,0.856588862892897,0.765500302291777,24.9363617832988,14.9262032771552,16.3357334475357,13.7299860332044
"145","MNP","Northern Mariana Islands",0,0,NA,NA,NA,NA,NA,NA,NA,NA,NA,NA,NA,NA,42,23.33333333
"146","MOZ","Mozambique",58776833.5140539,194937617.007773,0.534120299056354,0.371567161615346,0.387578395877657,0.271437807258143,3668139.53198038,17487876.3200623,9.16079029215778,8.88472832056724,9.17802274188193,8.12826973530274,15.651371138984,18.5744669998691,24.3802222149059,27.769935694366
"147","MRT","Mauritania",483436.258046129,73860165.0403974,NA,0.260089543874574,0.228964673196603,0.187622750981689,NA,9465991.84523104,1.16105280106866,0.257968382284737,0.218168355139272,0.218997036860683,24.0611694189325,26.586120268379,13.5609335331562,14.8737913085346
"148","MSR","Montserrat",0,0,NA,NA,NA,NA,NA,NA,NA,NA,NA,NA,NA,NA,27.5927448498032,22.1287100093997
"149","MTQ","Martinique",0,0,NA,NA,NA,NA,NA,NA,NA,NA,NA,NA,NA,NA,18.6867875889869,24.5783927184455
"150","MUS","Mauritius",0,0,NA,NA,NA,NA,NA,NA,NA,NA,NA,NA,NA,NA,21,31.25
"151","MWI","Malawi",42864135.851648,4562603.10455465,0.64401892275927,NA,0.469931310792783,0.238386920727814,2218575.38326144,NA,4.62071171723078,4.53234086656673,10.554725696636,9.53453896753014,20.6691890322512,16.1592814739078,25.3246166575389,26.6238992835872
"152","MYS","Malaysia",2341157.39905453,302610.947781239,NA,NA,0.242996415706381,1.39876524966144,NA,NA,16.0084175123342,14.9503084466736,13.8951056587976,13.170606578815,6.00554411030101,17.3548943412024,21.0123690232915,31.2291272732072
"153","MYT","Mayotte",4.09474301643848,0,0.312929183340945,NA,0.209760924975077,NA,0.436173553466797,NA,15.0769230769231,10.6,NA,NA,10.4,NA,21,31.25
"154","NAM","Namibia",5612142.60759502,114512293.777229,0.322749032139322,0.109574038770207,0.23090501980608,0.0767599633745055,579618.841962673,34835591.5514435,1.39551740645649,0.526954454491883,0.492552711374476,0.471157006578589,22.8195324799155,10.2816140218504,11.9305608378201,13.1900687208602
"155","NCL","New Caledonia",0,0,NA,NA,NA,NA,NA,NA,NA,NA,NA,NA,NA,NA,25.7469312465384,29.4604822674375
"156","NER","Niger",71808593.3049727,126755098.193209,0.300137518476335,0.239328703795795,0.219213221558328,0.173468329410078,7975076.85471569,17654254.8919612,1.10138947793568,0.0276733648474153,0.0700764647576372,0.0678078221230305,24.1208327420858,25.8194268428199,15.6241267421314,17.0044973848745
"157","NFK","Norfolk Island",0,0,NA,NA,NA,NA,NA,NA,NA,NA,NA,NA,NA,NA,21,31.25
"158","NGA","Nigeria",654651370.313686,96851667.4622407,0.693795684106875,0.546361312330404,0.51288306938145,0.403539101522525,31452649.3082479,5908890.03768939,2.19805027076539,1.67880135326315,3.50522299721952,3.54029999125053,23.018049113919,23.3375830050858,24.659867068523,27.4275704205208
"159","NIC","Nicaragua",3820470.04715983,11562529.9854343,NA,0.903180878001921,0.576416426008823,0.670515282567527,NA,426733.64280452,17.443944024531,17.1818981879687,12.3504791225659,12.0026293213836,23.3457706378309,14.3781097887272,25.7217758568841,28.8720220572033
"160","NIU","Niue",0,0,NA,NA,NA,NA,NA,NA,NA,NA,NA,NA,NA,NA,21,31.25
"161","NLD","Netherlands",19529058.3735034,2563212.77373449,0.73773716875039,1.11848868578653,0.369328786735628,0.556943129774874,882385.543286035,76389.1730662138,13.9274087467066,13.9542710457807,4.39165825864453,3.61933117460918,21.5795969908193,30.621265335992,35.53846154,35
"162","NOR","Norway",1011185.85339733,53750.5942690226,0.432385991924925,NA,0.177800246242306,0.243645426596929,77953.9479602216,NA,15.842095127734,16.498207264498,4.36816768329147,3.22050340849502,15.8606291150605,21.9092265007637,24.7878932187177,28.3481184846669
"163","NPL","Nepal",21618459.832393,1188087.82361712,0.413214862268318,NA,0.27850552133799,0.524339899886574,1743924.02971824,NA,9.27238922421893,8.9591916816491,8.23535321197152,7.1410348845934,15.6435741515989,20.9144180022369,24.783685556184,27.4668931410106
"164","NZL","New Zealand",6354373.95843062,71621762.1631338,NA,NA,0.238433561588283,0.349017903089695,NA,NA,12.9560252499043,12.9330072076063,7.47559238300919,6.90586503735939,15.9759522817808,14.6512313074388,32.6305116101846,29.4607870970435
"165","OMN","Oman",61074.6554912816,705514.169882197,NA,0.0611199972901494,0.0465761412919132,0.0438717048811922,NA,384769.961366857,3.78261675315048,0.0152928418379701,0.0137411677848034,0.0137441015144556,1.95142541704796,5.52815837675586,7.84929335194428,7.57549204700028
"166","PAK","Pakistan",10189065.3615485,2243467.3684451,0.0421062757795053,NA,0.0197024417672063,0.0505860294806688,8066149.42224195,NA,4.81216148299108,2.25275002389704,0.348952010013361,0.31329517638628,3.38412018137064,6.5460338242187,7.96805239620321,8.14018315193793
"167","PAN","Panama",2448057.58479063,299888.852762311,1.03947987557982,NA,0.786575740043172,1.02458730615767,78502.6448419732,NA,13.7798026303672,13.2909866740121,15.9749550509182,15.7613782937166,22.2563778526577,15.223013432898,22.5000343455437,30.6845108615411
"168","PCN","Pitcairn Islands",0,0,NA,NA,NA,NA,NA,NA,NA,NA,NA,NA,NA,NA,21,31.25
"169","PER","Peru",9211662.89249074,140993301.647595,0.458398680177939,NA,0.340418937496494,0.381050281120701,669843.616544663,NA,5.36546275430428,4.05136452740288,2.49784313483236,2.35795288211636,17.1405719571458,16.9541877078397,20.1172860769972,25.6832624865326
"170","PHL","Philippines",17676762.4382333,0,0.299673749537251,NA,0.194861005409737,NA,1966222.98588931,NA,16.5656815646879,15.1212999693691,NA,NA,5.80813837733331,NA,20.9654033752803,31.1770999693498
"171","PLW","Palau",0,0,NA,NA,NA,NA,NA,NA,5,NA,NA,NA,NA,NA,21,31.25
"172","PNG","Papua New Guinea",253992.588833975,0,0.419104285125103,NA,0.330072368430259,NA,20201.2242019237,NA,13.4232012610902,13.0131180963953,NA,NA,7.97022046113457,NA,21.2548337840338,30.9325160858018
"173","POL","Poland",239114516.162481,7556.18393803196,0.669402900311815,0.704768813169595,0.334986261913573,0.34405067626438,11906855.8985478,357.383574908256,5.9739351794397,5.97116571838571,1.91368180218998,0.806654058500759,29.3476692196537,29.2615286386283,34.6124306586558,34.4270212030011
"174","PRI","Puerto Rico",52569.3910074564,0,0.836965152019859,NA,0.604435289005952,NA,2093.65112675599,NA,13.2614268841608,11.9318804956481,NA,NA,22.7326102063511,NA,23.9364137819429,30.1430186135031
"175","PRK","North Korea",37004908.7177218,0,0.655714179180125,NA,0.41141765429977,NA,1881150.3493789,NA,6.27489688539619,6.21218437080657,NA,NA,29.3180868792667,NA,35.53846154,35
"176","PRT","Portugal",3192212.45112681,45001.4624490109,0.174741483563985,NA,0.0994694158961638,0.212436836629042,608940.015467273,NA,4.84692071749499,3.96979896129319,3.08371314976016,3.85793435082584,7.82840198196868,19.9217071275928,14.8553642954878,25.375650499769
"177","PRY","Paraguay",25964820.5453582,111634197.609575,0.311547405171829,0.61918765077856,0.229318635244896,0.431350127223652,2778049.19511769,6009712.75128021,12.7211742457621,12.6766847285571,10.0668441186054,10.7759723012304,8.87414582600499,17.32403875837,24.2970269941032,27.8662091389541
"178","PSE","Palestina",196909.672869152,0,0.0870818317787558,NA,0.0556612012827447,NA,75373.4232300141,NA,1.24462560253097,0.3979627884989,NA,NA,8.0879473142788,NA,8.67537671736669,19.6359618978436
"179","PYF","French Polynesia",0,0,NA,NA,NA,NA,NA,NA,NA,NA,NA,NA,NA,NA,21,31.25
"180","QAT","Qatar",7189.54985797676,37680.1435617473,0.0360311551841016,0.0452515938444999,0.0244954444702403,0.0307654537510105,6651.23448604564,27756.034178766,NA,0,0,0,NA,5,4,5
"181","REU","Reunion",0,0,NA,NA,NA,NA,NA,NA,NA,NA,NA,NA,NA,NA,21,31.25
"182","ROU","Romania",98028596.4670332,3929361.92580456,0.434287259366283,NA,0.245607792964526,0.275352210405475,7524097.95995992,NA,5.46293464678501,5.46319946571388,4.59532602405231,3.7166423876989,28.2546510491635,25.4220901100841,31.1367330722003,31.2472703929627
"183","RUS","Russia",1108524419.11482,104060451.090332,0.459653276902728,0.238430479550314,0.221375334943861,0.121641661184278,80388448.918452,14547979.3923708,6.19395063883625,5.97534233150267,2.58086409637977,2.13003512487455,24.644070976541,13.1548602059903,29.7095306261642,27.0207297979333
"184","RWA","Rwanda",16216364.0152701,3161560.8010668,0.618352086736085,NA,0.481405656314993,0.450294723996113,874171.008347187,NA,9.5875849974568,9.2615963447242,6.60757118964556,6.32670317878545,13.026903707076,21.0762090903621,22.897287434245,29.2875814301735
"185","SAU","Saudi Arabia",1019282.56144138,598929.494610298,0.026173522550496,NA,0.0177054492741258,0.0180821192812422,1298109.00752201,NA,1.31829187603285,0.0144205339777971,5.5009775907617e-06,4.70174396916092e-06,3.06965609666816,4.99999449902241,4.13879651592255,5.15265326929584
"186","SDN","Sudan",194343843.654991,844162228.310342,NA,0.363873506733621,0.24910139959802,0.26689744376726,NA,77331106.6152378,3.39382259935509,2.24776687241673,1.08083938230125,1.07949264089762,21.7623875863634,24.9149374670883,18.8409406901515,20.3102653260412
"187","SEN","Senegal",48253279.3909293,27288232.9897865,0.472249882137872,0.37292718313896,0.343877449012225,0.271592012728196,3405914.34154076,2439102.87973639,1.35408781812747,1.01511722163348,2.33926090471967,2.31524354962134,23.8687997965971,24.57183942499,25.22222222,26.91666667
"188","SGP","Singapore",2732.41472919975,0,0.726619652409929,NA,0.558579523632,NA,125.348235037746,NA,9.12171323730082,7.93374867933388,NA,NA,12.1090178630096,NA,21,31.25
"189","SHN","Saint Helena",0,0,NA,NA,NA,NA,NA,NA,NA,NA,NA,NA,NA,NA,26.0493673097113,24.5762220452906
"190","SLB","Solomon Islands",0,0,NA,NA,NA,NA,NA,NA,NA,NA,NA,NA,NA,NA,21,31.25
"191","SLE","Sierra Leone",307360.306792904,657111.839209032,0.529300406606649,0.597971866270232,0.413455141522709,0.472557304108501,19356.3870948947,36630.0309582387,10.8369164374025,10.7553262552814,12.9248686980585,12.7234251754042,11.0696865615258,16.235377162416,22.2053971529519,30.0128818698346
"192","SLV","El Salvador",934755.622482804,578856.204507861,0.697320252369771,0.783764614348862,0.522132977277634,0.588655738627445,44683.2293247439,24618.624601927,20.7977973704171,20.2537542090979,12.9135268749838,7.22616547400617,19.4851819289761,13.7770717131795,28.9807785436686,26.3876681159998
"193","SMR","San Marino",3031.14508842615,0,0.0844811964108278,NA,0.0430703284794901,NA,1195.98412317531,NA,6.17897346022049,5.63273661892423,NA,NA,4.1172633810758,NA,9.75,23
"194","SOM","Somalia",13279090.2813511,397524864.552131,0.381853300655431,0.353288111355719,0.301505770031289,0.268223489598357,1159179.04062094,37507146.129416,2.451373614032,1.94295108940634,1.08718116816148,1.0778380212137,20.5930750921903,23.0090217045829,21.7599795872051,24.2621743747022
"195","SRB","Serbia",37950084.0878041,402487.864267624,0.481414206168492,NA,0.27835156622068,0.328407850544225,2627680.66816055,NA,5.51755545767911,5.51700922835876,5.24417241012342,4.00063332914247,30.0209060822269,29.7558275898766,35.53846154,35
"196","STP","São Tomé and Príncipe",0,0,NA,NA,NA,NA,NA,NA,NA,NA,NA,NA,NA,NA,21,31.25
"197","SUR","Suriname",260165.194212282,0,NA,NA,0.263018201520691,NA,NA,NA,14.8091499844466,13.236901958966,NA,NA,7.67960413625692,NA,21.0162018992138,31.2333717350227
"198","SVK","Slovakia",19871251.0191955,84075.9898410654,0.495911260795449,0.515175195856674,0.268273725193708,0.26652052110818,1335672.5009848,5439.96104090746,5.7225133987667,5.69388568537374,4.65381396625051,1.85115620144411,28.746126391215,23.034302373441,29.82045040591,31.4619979677659
"199","SVN","Slovenia",2138848.10367372,232341.282603621,0.521019033007895,NA,0.29179301451481,0.425215710750783,136837.490134537,NA,10.4857188618312,10.3258995333158,4.23150980045912,3.00188778185632,24.1032365383998,29.4523863676455,30.6957812049134,32.2839508530858
"200","SWE","Sweden",33320500.9840581,35529.1416357974,0.714201404339374,0.786517468836244,0.310258989326578,0.351913515400337,1555140.2718994,1505.75768259233,14.0928265424232,13.5213377182829,8.48103884280298,8.70742005030543,22.0161027943416,27.5192179897224,35.53846154,35
"201","SWZ","Swaziland",1155757.40958912,4614134.57935466,0.37393059248539,0.352377311558917,0.256057178712235,0.237842412103774,103027.801844828,436476.69964351,9.85828233848706,9.78127432324698,5.08456675974626,4.9321780188778,14.4043312330976,20.5091958723111,25.05023739021,26.052110108064
"202","SXM","Sint Maarten",0.610713332679748,0,0.0398679814455352,NA,0.00397899805113327,NA,0.510613037109375,NA,NA,NA,NA,NA,NA,NA,4,5
"203","SYC","Seychelles",0,0,NA,NA,NA,NA,NA,NA,NA,NA,NA,NA,NA,NA,17.7810348662345,26.2795391316856
"204","SYR","Syria",14822671.8522726,8153379.04968055,0.108296580281855,0.0678656893558546,0.0662973708915116,0.0418723342786781,4562369.93316403,4004664.27491718,2.10456573012531,0.268475598538417,0.0115953453723273,0.00945795459432523,12.5467326771292,13.421971843023,15.9687447743223,16.4841694897023
"205","TCA","Turks and Caicos Islands",0,0,NA,NA,NA,NA,NA,NA,NA,NA,NA,NA,NA,NA,19.6,28.3
"206","TCD","Chad",84861978.8499756,352826755.260645,NA,0.30441881640005,0.362235410005705,0.22318339666787,NA,38633918.8263776,3.54357811835205,3.17132642733167,2.11971609570526,2.02093540248669,21.6773227001996,23.0014759310774,17.9798007776712,19.4372549955482
"207","TGO","Togo",29530240.9753606,2312221.53824231,0.885751766582349,NA,0.657502068402684,0.470930947582741,1111306.12772403,NA,4.09005663873719,4.06271405181346,7.10731351774468,7.25020824341604,21.1065847302694,19.8093531522055,24.7580826457807,27.393020443895
"208","THA","Thailand",605417694.257331,0,1.25300778433473,NA,0.942920617205312,NA,16105717.8262402,NA,5.72355554637956,5.38140017611968,NA,NA,30.9255218381304,NA,30.5102123807905,27.6648008865116
"209","TJK","Tajikistan",9429072.11319295,9821415.61991457,0.286624925394195,0.213088432672428,0.168504163898054,0.12471455805438,1096563.40369156,1536359.88851205,2.45645327169092,1.80220426619614,0.365414419123416,0.372308158840182,23.8075680861014,18.0081285122245,26.9775141685278,19.5632132031053
"210","TKM","Turkmenistan",3049291.79368599,32529216.1199303,0.0416306207716583,0.0452812438872891,0.0239659268482931,0.0267060510018708,2441545.61967835,23946056.0468846,1.97912458881723,1.21460502730102,0.000858766170662215,0.00082389267663561,4.44737518225352,6.54483796166086,5.8653554525332,6.18226754015871
"211","TLS","Timor-Leste",1653361.42266781,283240.478949055,1.20466846622605,0.868494672934373,0.927645515939753,0.658625172339675,45748.7258672204,10870.9351853621,12.1104807412655,12.161499329605,11.3353311564335,11.0647803781197,29.8032943163699,12.0327558892121,42,23.33333333
"212","TON","Tonga",0,0,NA,NA,NA,NA,NA,NA,NA,NA,NA,NA,NA,NA,21,31.25
"213","TTO","Trinidad and Tobago",68170.1654176645,0,0.85925046901836,NA,0.649094031502304,NA,2644.55933303299,NA,14.898341312322,14.3811838236193,NA,NA,19.5937817215306,NA,22.0724964909532,30.8456858464942
"214","TUN","Tunisia",5319770.58203186,2453475.71040892,0.0921883086665374,0.064879720138357,0.0562816283231932,0.0402799546113187,1923515.99278331,1260525.22276445,1.70137167357949,0.438456835809002,0.0336077590020918,0.0228324129027854,9.73058828871052,12.0087336595943,7.48517356553532,15.3618059148661
"215","TUR","Turkey",160504910.502862,40706873.2660308,0.294728305424727,0.367290836626496,0.181327220516816,0.226316434624169,18152866.8436468,3694336.04169714,2.52224364328629,1.76897893983607,0.954707241561818,0.92298286704825,21.0790407237718,27.8355125935896,23.6537897118671,27.6143520635561
"216","TUV","Tuvalu",0,0,NA,NA,NA,NA,NA,NA,NA,NA,NA,NA,NA,NA,21,31.25
"217","TWN","Taiwan",3562918.96614,148644.249077405,0.38798071884164,1.15429660243551,0.285825293551183,0.87801460769461,306107.906322209,4292.49145507812,11.2390324804419,10.9213090348482,10.1320565861471,8.12791390481865,10.0739253442182,21.1179434138529,21,31.25
"218","TZA","Tanzania",282194226.753034,181701034.023971,0.631701327087401,0.488243210022094,0.472387867958269,0.366787313999191,14890698.8504707,12405090.3521183,4.79075976344749,4.09329975817447,6.36058628148654,5.24819837681653,20.4496993474222,20.5558704541635,24.8563912892824,27.1965051024611
"219","UGA","Uganda",70621313.0388041,17340520.6430195,0.449405684864608,0.426208555547775,0.333480536919073,0.321093490739184,5238126.36831538,1356184.30752624,13.4480224243515,13.0825549196377,10.1501891768598,9.79249531158233,11.7905601575344,16.8864977314923,24.595447056141,27.5471313705961
"220","UKR","Ukraine",404033524.189177,59472.9855999113,0.412737831501646,0.490750062577434,0.214457457740521,0.257883962600915,32630360.2716523,4039.59775963874,6.81919156489558,6.8203551909048,2.31742545618027,1.35046585152359,24.417934718801,23.4822230615434,31.5646937235064,28.5636083746856
"221","UMI","United States Minor Outlying Islands",0,0,NA,NA,NA,NA,NA,NA,NA,NA,NA,NA,NA,NA,22.5959614309414,29.6120395844322
"222","URY","Uruguay",29482027.6623132,76930928.0797313,NA,NA,0.232302343846729,0.404520838689043,NA,NA,8.89395795025386,8.89194006914269,5.62922696067611,5.94918424739977,16.330098805297,21.2866885873862,25.2253838166347,26.9075479999437
"223","USA","United States",1529670786.99269,517036656.043662,0.349121984907044,NA,0.203412612285458,0.0557468320098859,146049313.527665,NA,4.65413039589166,3.76648583016854,1.12219801245327,0.938211977395672,24.3804656013071,11.9461024974772,23.9072229942786,21.9634036382583
"224","UZB","Uzbekistan",25679394.1496705,44063453.541067,NA,0.0839683377726379,0.0946936953375477,0.0479544763664092,NA,17492090.7530559,2.99726858613719,2.179063138416,0.0817704794225077,0.0795774143152316,17.9524480453004,9.01250220347285,9.91870895237444,8.75129440583979
"225","VAT","Vatican City",0,0,NA,NA,NA,NA,NA,NA,NA,NA,NA,NA,NA,NA,9.75,23
"226","VCT","Saint Vincent and the Grenadines",0,0,NA,NA,NA,NA,NA,NA,NA,NA,NA,NA,NA,NA,21.24075988403,26.2540768337584
"227","VEN","Venezuela",11009605.3864155,211779367.124376,0.679904083825852,1.07347515486097,0.508552516622376,0.818677493228361,539762.673800689,6576130.06273396,11.9915155361944,11.7848939854031,9.47275439408933,8.6268128590096,16.0134791379894,14.3673112545321,22.5065203519981,26.5204500477521
"228","VGB","British Virgin Islands",0,0,NA,NA,NA,NA,NA,NA,10,NA,NA,NA,NA,NA,6.69917711390333,9.16784701411547
"229","VIR","Virgin Islands, U.S.",19.3923454279647,0,NA,NA,0.0027973758121502,NA,NA,NA,11.7671346946985,1.71428571428571,NA,NA,1.875,NA,9.76832588643492,13.9069737952304
"230","VNM","Vietnam",84334297.1136801,66918.7266439405,0.755002826017302,NA,0.552234937307391,0.990528305165306,3723354.58921613,NA,13.910864195965,12.0580338373147,8.78394035564959,8.66352288488211,16.4076356699757,22.4653504118033,27.0680442400061,28.9624436386332
"231","VUT","Vanuatu",82.7663854093373,0,0.363594095283209,NA,0.155116976107039,NA,7.58780065307617,NA,17.8220858895706,11.685393258427,NA,NA,8,NA,21,31.25
"232","WLF","Wallis and Futuna",0,0,NA,NA,NA,NA,NA,NA,NA,NA,NA,NA,NA,NA,21,31.25
"233","WSM","Samoa",0,0,NA,NA,NA,NA,NA,NA,NA,NA,NA,NA,NA,NA,21,31.25
"234","YEM","Yemen",1343536.01074889,38544573.6884207,0.0754354681669024,0.0861840232390482,0.0526653107172876,0.0624776603513015,593680.065623016,14907857.3343421,2.36594082515265,0.631765601828182,0.239532715336873,0.206586878084619,6.65323108402434,7.55036973190669,5.41601866539933,6.46235435508503
"235","ZAF","South Africa",55701055.313879,218827200.994501,0.24836779384266,0.116120003014124,0.164975030960428,0.0762021887478099,7475614.35027351,62816395.4858215,3.43395043653237,2.68467861291946,1.99905118231292,1.82926597736504,19.8435327226327,10.6514491699073,14.7548861455417,15.7483184998523
"236","ZMB","Zambia",56148747.9603409,113298411.827246,0.470235348663099,0.288717663291686,0.342337654834729,0.210514106957533,3980187.65992918,13080646.6238244,6.09792906328922,5.89406197664987,11.5936751142379,11.2517799227592,19.234340678055,14.8821707989328,25.8023040032872,26.7917365309949
"237","ZWE","Zimbabwe",81234423.4825362,102494410.269863,NA,0.281614101521442,0.33115079665621,0.199300864635573,NA,12131780.063111,2.62420717137602,1.9815158138104,6.86628941976374,6.69169714631513,22.6343247937351,19.8340192913145,25.212009336888,26.748866983099
